Stock,RS_Rating,currentClose,20 Day MA,50 Day MA,70 Day MA,150 Day MA,200 Day MA,52 Week Low,52 week High
TMDX,74.50922912512608,133.42999267578125,135.18,108.63,100.56,87.09,78.94,36.7400016784668,142.86000061035156
